Índice n,Radio ξ*,Masa (M∝),ρc/⟨ρ⟩
0.0,2.449489742783178,61.562391847769455,1.0
1.0,3.141592653589793,9.869604401089358,3.28987
1.5,3.65375,3.14159,5.99071
2.0,4.35287,2.71406,11.40254
3.0,6.89685,2.01824,54.1825
4.0,14.97155,0.9758,622.40788
5.0,∞,∞,∞
